recall,qps
0.970847,3317.53
0.994154,2354.73
0.999099,1517.37
0.999592,1154.91
0.999831,926.192
0.999897,784.953
0.999918,679.719
0.99997,594.682
0.999946,528.657
0.99997,478.296
0.99997,438.327
