Recall,QPS
0.954178,2535.31
0.974654,2119.29
0.986662,1739.7
0.995191,1084.42
0.997974,599.782
0.99882,304.675
0.99997,556.185
1,278.888
