Recall,QPS
0.11,9090.91
0.115,8695.65
0.115,8695.65
0.09,3.34163
0.125,7407.41
0.125,6896.55
0.135,6250
0.16,4761.9
0.125,7407.41
0.125,7142.86
0.135,3703.7
0.16,3773.58
0.125,7692.31
0.125,6896.55
0.135,5882.35
0.16,4651.16
0.09,3.20313
0.095,3.33217
0.11,3.31532
0.12,3.31345
0.135,3.28655
0.165,3.26083
0.205,3.23097
0.09,3.33773
0.095,3.13028
0.11,3.31203
0.12,3.31022
0.11,3.31148
0.12,3.31033
0.135,3.28553
0.15,3.25823
