Recall,QPS
0.105,4651.16
0.105,3389.83
0.105,2469.14
0,0.363971
0.11,3174.6
0.12,3076.92
0.135,2298.85
0.155,1904.76
0.11,2439.02
0.12,1869.16
0.135,2666.67
0.155,2531.65
0.11,2272.73
0.12,2666.67
0.135,3030.3
0.155,2564.1
0,0.413408
0,0.363889
0.005,0.387749
0.005,0.368277
0.005,0.390477
0.005,0.374139
0.01,0.369734
0,0.373196
0,0.375955
0.005,0.396522
0.005,0.380383
0.005,0.396965
0.005,0.387474
0.005,0.366193
0.005,0.407382
