Recall,QPS
0.417204,1141.84
0.782597,677.479
0.923177,475.515
0.972144,359.107
0.988114,287.91
0.992923,248.206
0.995796,219.161
0.997217,193.062
0.998246,167.498
0.999304,138.211
0.999577,93.6247
0.999728,76.9089
